Active Addresses/t,Active Addresses/v
2008-12-29T00:00:00.000Z,0
2009-01-05T00:00:00.000Z,0
2009-01-12T00:00:00.000Z,34
2009-01-19T00:00:00.000Z,63
2009-01-26T00:00:00.000Z,61
2009-02-02T00:00:00.000Z,45
2009-02-09T00:00:00.000Z,75
2009-02-16T00:00:00.000Z,59
2009-02-23T00:00:00.000Z,45
2009-03-02T00:00:00.000Z,69
2009-03-09T00:00:00.000Z,17
2009-03-16T00:00:00.000Z,87
2009-03-23T00:00:00.000Z,50
2009-03-30T00:00:00.000Z,51
2009-04-06T00:00:00.000Z,16
2009-04-13T00:00:00.000Z,16
2009-04-20T00:00:00.000Z,135
2009-04-27T00:00:00.000Z,41
2009-05-04T00:00:00.000Z,41
2009-05-11T00:00:00.000Z,25
2009-05-18T00:00:00.000Z,0
2009-05-25T00:00:00.000Z,61
2009-06-01T00:00:00.000Z,2
2009-06-08T00:00:00.000Z,0
2009-06-15T00:00:00.000Z,0
2009-06-22T00:00:00.000Z,88
2009-06-29T00:00:00.000Z,8
2009-07-06T00:00:00.000Z,0
2009-07-13T00:00:00.000Z,0
2009-07-20T00:00:00.000Z,122
2009-07-27T00:00:00.000Z,5
2009-08-03T00:00:00.000Z,112
2009-08-10T00:00:00.000Z,0
2009-08-17T00:00:00.000Z,0
2009-08-24T00:00:00.000Z,50
2009-08-31T00:00:00.000Z,21
2009-09-07T00:00:00.000Z,14
2009-09-14T00:00:00.000Z,103
2009-09-21T00:00:00.000Z,92
2009-09-28T00:00:00.000Z,55
2009-10-05T00:00:00.000Z,15
2009-10-12T00:00:00.000Z,161
2009-10-19T00:00:00.000Z,166
2009-10-26T00:00:00.000Z,59
2009-11-02T00:00:00.000Z,42
2009-11-09T00:00:00.000Z,64
2009-11-16T00:00:00.000Z,83
2009-11-23T00:00:00.000Z,0
2009-11-30T00:00:00.000Z,191
2009-12-07T00:00:00.000Z,119
2009-12-14T00:00:00.000Z,373
2009-12-21T00:00:00.000Z,10
2009-12-28T00:00:00.000Z,4
2010-01-04T00:00:00.000Z,85
2010-01-11T00:00:00.000Z,241
2010-01-18T00:00:00.000Z,24
2010-01-25T00:00:00.000Z,191
2010-02-01T00:00:00.000Z,383
2010-02-08T00:00:00.000Z,1413
2010-02-15T00:00:00.000Z,358
2010-02-22T00:00:00.000Z,669
2010-03-01T00:00:00.000Z,784
2010-03-08T00:00:00.000Z,438
2010-03-15T00:00:00.000Z,371
2010-03-22T00:00:00.000Z,636
2010-03-29T00:00:00.000Z,266
2010-04-05T00:00:00.000Z,978
2010-04-12T00:00:00.000Z,4543
2010-04-19T00:00:00.000Z,1121
2010-04-26T00:00:00.000Z,558
2010-05-03T00:00:00.000Z,1210
2010-05-10T00:00:00.000Z,674
2010-05-17T00:00:00.000Z,1016
2010-05-24T00:00:00.000Z,1087
2010-05-31T00:00:00.000Z,945
2010-06-07T00:00:00.000Z,1299
2010-06-14T00:00:00.000Z,1137
2010-06-21T00:00:00.000Z,1017
2010-06-28T00:00:00.000Z,1423
2010-07-05T00:00:00.000Z,1419
2010-07-12T00:00:00.000Z,13932
2010-07-19T00:00:00.000Z,5337
2010-07-26T00:00:00.000Z,3251
2010-08-02T00:00:00.000Z,3268
2010-08-09T00:00:00.000Z,2811
2010-08-16T00:00:00.000Z,2778
2010-08-23T00:00:00.000Z,2365
2010-08-30T00:00:00.000Z,2515
2010-09-06T00:00:00.000Z,2274
2010-09-13T00:00:00.000Z,3336
2010-09-20T00:00:00.000Z,4524
2010-09-27T00:00:00.000Z,5622
2010-10-04T00:00:00.000Z,3521
2010-10-11T00:00:00.000Z,3425
2010-10-18T00:00:00.000Z,5200
2010-10-25T00:00:00.000Z,3859
2010-11-01T00:00:00.000Z,2737
2010-11-08T00:00:00.000Z,3703
2010-11-15T00:00:00.000Z,9636
2010-11-22T00:00:00.000Z,4179
2010-11-29T00:00:00.000Z,4177
2010-12-06T00:00:00.000Z,4546
2010-12-13T00:00:00.000Z,5795
2010-12-20T00:00:00.000Z,5789
2010-12-27T00:00:00.000Z,5247
2011-01-03T00:00:00.000Z,7172
2011-01-10T00:00:00.000Z,8021
2011-01-17T00:00:00.000Z,9174
2011-01-24T00:00:00.000Z,10974
2011-01-31T00:00:00.000Z,8534
2011-02-07T00:00:00.000Z,15874
2011-02-14T00:00:00.000Z,19184
2011-02-21T00:00:00.000Z,20389
2011-02-28T00:00:00.000Z,21800
2011-03-07T00:00:00.000Z,18321
2011-03-14T00:00:00.000Z,19061
2011-03-21T00:00:00.000Z,27278
2011-03-28T00:00:00.000Z,21444
2011-04-04T00:00:00.000Z,20139
2011-04-11T00:00:00.000Z,24082
2011-04-18T00:00:00.000Z,26576
2011-04-25T00:00:00.000Z,37049
2011-05-02T00:00:00.000Z,34182
2011-05-09T00:00:00.000Z,41392
2011-05-16T00:00:00.000Z,60650
2011-05-23T00:00:00.000Z,63913
2011-05-30T00:00:00.000Z,82023
2011-06-06T00:00:00.000Z,124617
2011-06-13T00:00:00.000Z,140825
2011-06-20T00:00:00.000Z,125475
2011-06-27T00:00:00.000Z,144876
2011-07-04T00:00:00.000Z,133079
2011-07-11T00:00:00.000Z,137364
2011-07-18T00:00:00.000Z,136346
2011-07-25T00:00:00.000Z,129167
2011-08-01T00:00:00.000Z,110791
2011-08-08T00:00:00.000Z,108980
2011-08-15T00:00:00.000Z,111400
2011-08-22T00:00:00.000Z,118190
2011-08-29T00:00:00.000Z,85811
2011-09-05T00:00:00.000Z,86473
2011-09-12T00:00:00.000Z,74218
2011-09-19T00:00:00.000Z,102826
2011-09-26T00:00:00.000Z,75087
2011-10-03T00:00:00.000Z,68116
2011-10-10T00:00:00.000Z,66745
2011-10-17T00:00:00.000Z,61948
2011-10-24T00:00:00.000Z,62251
2011-10-31T00:00:00.000Z,66795
2011-11-07T00:00:00.000Z,65008
2011-11-14T00:00:00.000Z,60503
2011-11-21T00:00:00.000Z,51166
2011-11-28T00:00:00.000Z,64081
2011-12-05T00:00:00.000Z,60631
2011-12-12T00:00:00.000Z,50661
2011-12-19T00:00:00.000Z,55850
2011-12-26T00:00:00.000Z,52509
2012-01-02T00:00:00.000Z,65961
2012-01-09T00:00:00.000Z,71670
2012-01-16T00:00:00.000Z,65445
2012-01-23T00:00:00.000Z,67506
2012-01-30T00:00:00.000Z,71879
2012-02-06T00:00:00.000Z,71568
2012-02-13T00:00:00.000Z,79665
2012-02-20T00:00:00.000Z,72685
2012-02-27T00:00:00.000Z,73742
2012-03-05T00:00:00.000Z,69496
2012-03-12T00:00:00.000Z,74153
2012-03-19T00:00:00.000Z,71823
2012-03-26T00:00:00.000Z,72882
2012-04-02T00:00:00.000Z,77084
2012-04-09T00:00:00.000Z,82923
2012-04-16T00:00:00.000Z,87251
2012-04-23T00:00:00.000Z,82692
2012-04-30T00:00:00.000Z,100154
2012-05-07T00:00:00.000Z,117428
2012-05-14T00:00:00.000Z,150151
2012-05-21T00:00:00.000Z,151710
2012-05-28T00:00:00.000Z,151975
2012-06-04T00:00:00.000Z,179811
2012-06-11T00:00:00.000Z,213635
2012-06-18T00:00:00.000Z,167449
2012-06-25T00:00:00.000Z,181677
2012-07-02T00:00:00.000Z,167365
2012-07-09T00:00:00.000Z,174461
2012-07-16T00:00:00.000Z,201694
2012-07-23T00:00:00.000Z,186934
2012-07-30T00:00:00.000Z,215031
2012-08-06T00:00:00.000Z,216375
2012-08-13T00:00:00.000Z,281199
2012-08-20T00:00:00.000Z,234974
2012-08-27T00:00:00.000Z,210704
2012-09-03T00:00:00.000Z,217717
2012-09-10T00:00:00.000Z,182346
2012-09-17T00:00:00.000Z,185622
2012-09-24T00:00:00.000Z,207548
2012-10-01T00:00:00.000Z,236064
2012-10-08T00:00:00.000Z,227335
2012-10-15T00:00:00.000Z,229002
2012-10-22T00:00:00.000Z,187499
2012-10-29T00:00:00.000Z,167833
2012-11-05T00:00:00.000Z,188822
2012-11-12T00:00:00.000Z,219645
2012-11-19T00:00:00.000Z,208757
2012-11-26T00:00:00.000Z,194056
2012-12-03T00:00:00.000Z,211339
2012-12-10T00:00:00.000Z,210798
2012-12-17T00:00:00.000Z,237960
2012-12-24T00:00:00.000Z,204257
2012-12-31T00:00:00.000Z,231478
2013-01-07T00:00:00.000Z,291466
2013-01-14T00:00:00.000Z,279800
2013-01-21T00:00:00.000Z,277124
2013-01-28T00:00:00.000Z,287934
2013-02-04T00:00:00.000Z,303291
2013-02-11T00:00:00.000Z,264135
2013-02-18T00:00:00.000Z,265959
2013-02-25T00:00:00.000Z,286639
2013-03-04T00:00:00.000Z,306326
2013-03-11T00:00:00.000Z,294995
2013-03-18T00:00:00.000Z,342121
2013-03-25T00:00:00.000Z,379849
2013-04-01T00:00:00.000Z,462063
2013-04-08T00:00:00.000Z,528959
2013-04-15T00:00:00.000Z,450855
2013-04-22T00:00:00.000Z,477602
2013-04-29T00:00:00.000Z,379114
2013-05-06T00:00:00.000Z,439632
2013-05-13T00:00:00.000Z,384759
2013-05-20T00:00:00.000Z,377379
2013-05-27T00:00:00.000Z,366772
2013-06-03T00:00:00.000Z,355635
2013-06-10T00:00:00.000Z,317120
2013-06-17T00:00:00.000Z,323027
2013-06-24T00:00:00.000Z,317769
2013-07-01T00:00:00.000Z,315118
2013-07-08T00:00:00.000Z,349693
2013-07-15T00:00:00.000Z,313221
2013-07-22T00:00:00.000Z,318554
2013-07-29T00:00:00.000Z,418925
2013-08-05T00:00:00.000Z,362926
2013-08-12T00:00:00.000Z,425237
2013-08-19T00:00:00.000Z,419213
2013-08-26T00:00:00.000Z,447086
2013-09-02T00:00:00.000Z,363566
2013-09-09T00:00:00.000Z,354575
2013-09-16T00:00:00.000Z,384002
2013-09-23T00:00:00.000Z,397078
2013-09-30T00:00:00.000Z,430553
2013-10-07T00:00:00.000Z,406983
2013-10-14T00:00:00.000Z,440281
2013-10-21T00:00:00.000Z,494743
2013-10-28T00:00:00.000Z,443147
2013-11-04T00:00:00.000Z,642492
2013-11-11T00:00:00.000Z,605118
2013-11-18T00:00:00.000Z,889690
2013-11-25T00:00:00.000Z,947783
2013-12-02T00:00:00.000Z,876457
2013-12-09T00:00:00.000Z,766036
2013-12-16T00:00:00.000Z,804247
2013-12-23T00:00:00.000Z,670552
2013-12-30T00:00:00.000Z,658627
2014-01-06T00:00:00.000Z,711200
2014-01-13T00:00:00.000Z,638614
2014-01-20T00:00:00.000Z,738958
2014-01-27T00:00:00.000Z,753075
2014-02-03T00:00:00.000Z,798129
2014-02-10T00:00:00.000Z,841128
2014-02-17T00:00:00.000Z,881535
2014-02-24T00:00:00.000Z,995792
2014-03-03T00:00:00.000Z,1039999
2014-03-10T00:00:00.000Z,914855
2014-03-17T00:00:00.000Z,840984
2014-03-24T00:00:00.000Z,875520
2014-03-31T00:00:00.000Z,903219
2014-04-07T00:00:00.000Z,863526
2014-04-14T00:00:00.000Z,867279
2014-04-21T00:00:00.000Z,815769
2014-04-28T00:00:00.000Z,774469
2014-05-05T00:00:00.000Z,813949
2014-05-12T00:00:00.000Z,818889
2014-05-19T00:00:00.000Z,869221
2014-05-26T00:00:00.000Z,880227
2014-06-02T00:00:00.000Z,883148
2014-06-09T00:00:00.000Z,865491
2014-06-16T00:00:00.000Z,850290
2014-06-23T00:00:00.000Z,831446
2014-06-30T00:00:00.000Z,845756
2014-07-07T00:00:00.000Z,951587
2014-07-14T00:00:00.000Z,875615
2014-07-21T00:00:00.000Z,861453
2014-07-28T00:00:00.000Z,873888
2014-08-04T00:00:00.000Z,938298
2014-08-11T00:00:00.000Z,1011029
2014-08-18T00:00:00.000Z,963784
2014-08-25T00:00:00.000Z,938361
2014-09-01T00:00:00.000Z,957073
2014-09-08T00:00:00.000Z,1066287
2014-09-15T00:00:00.000Z,991216
2014-09-22T00:00:00.000Z,1003700
2014-09-29T00:00:00.000Z,1017218
2014-10-06T00:00:00.000Z,1036618
2014-10-13T00:00:00.000Z,1068076
2014-10-20T00:00:00.000Z,1074470
2014-10-27T00:00:00.000Z,1112399
2014-11-03T00:00:00.000Z,1129526
2014-11-10T00:00:00.000Z,1125115
2014-11-17T00:00:00.000Z,1093012
2014-11-24T00:00:00.000Z,1109512
2014-12-01T00:00:00.000Z,1188035
2014-12-08T00:00:00.000Z,1195197
2014-12-15T00:00:00.000Z,1264816
2014-12-22T00:00:00.000Z,1127845
2014-12-29T00:00:00.000Z,1042669
2015-01-05T00:00:00.000Z,1215078
2015-01-12T00:00:00.000Z,1338493
2015-01-19T00:00:00.000Z,1238702
2015-01-26T00:00:00.000Z,1197816
2015-02-02T00:00:00.000Z,1222651
2015-02-09T00:00:00.000Z,1318900
2015-02-16T00:00:00.000Z,1287712
2015-02-23T00:00:00.000Z,1282888
2015-03-02T00:00:00.000Z,1314752
2015-03-09T00:00:00.000Z,1274350
2015-03-16T00:00:00.000Z,1265702
2015-03-23T00:00:00.000Z,1210646
2015-03-30T00:00:00.000Z,1330839
2015-04-06T00:00:00.000Z,1314591
2015-04-13T00:00:00.000Z,1243015
2015-04-20T00:00:00.000Z,1308066
2015-04-27T00:00:00.000Z,1289377
2015-05-04T00:00:00.000Z,1335468
2015-05-11T00:00:00.000Z,1296924
2015-05-18T00:00:00.000Z,1250149
2015-05-25T00:00:00.000Z,1423673
2015-06-01T00:00:00.000Z,1450017
2015-06-08T00:00:00.000Z,1507502
2015-06-15T00:00:00.000Z,1502925
2015-06-22T00:00:00.000Z,1415292
2015-06-29T00:00:00.000Z,1568648
2015-07-06T00:00:00.000Z,1741341
2015-07-13T00:00:00.000Z,1415152
2015-07-20T00:00:00.000Z,1463461
2015-07-27T00:00:00.000Z,1517866
2015-08-03T00:00:00.000Z,1464265
2015-08-10T00:00:00.000Z,1416823
2015-08-17T00:00:00.000Z,1491563
2015-08-24T00:00:00.000Z,1477428
2015-08-31T00:00:00.000Z,1542887
2015-09-07T00:00:00.000Z,1604965
2015-09-14T00:00:00.000Z,1599754
2015-09-21T00:00:00.000Z,1651719
2015-09-28T00:00:00.000Z,1590071
2015-10-05T00:00:00.000Z,1504875
2015-10-12T00:00:00.000Z,1668484
2015-10-19T00:00:00.000Z,1854780
2015-10-26T00:00:00.000Z,1859804
2015-11-02T00:00:00.000Z,2150858
2015-11-09T00:00:00.000Z,1926909
2015-11-16T00:00:00.000Z,1932889
2015-11-23T00:00:00.000Z,1838174
2015-11-30T00:00:00.000Z,2148558
2015-12-07T00:00:00.000Z,2478981
2015-12-14T00:00:00.000Z,2473135
2015-12-21T00:00:00.000Z,2231877
2015-12-28T00:00:00.000Z,1933713
2016-01-04T00:00:00.000Z,2136096
2016-01-11T00:00:00.000Z,2321646
2016-01-18T00:00:00.000Z,2554065
2016-01-25T00:00:00.000Z,2683653
2016-02-01T00:00:00.000Z,2907313
2016-02-08T00:00:00.000Z,2497253
2016-02-15T00:00:00.000Z,2565844
2016-02-22T00:00:00.000Z,2524289
2016-02-29T00:00:00.000Z,2614756
2016-03-07T00:00:00.000Z,2221876
2016-03-14T00:00:00.000Z,2228483
2016-03-21T00:00:00.000Z,2189849
2016-03-28T00:00:00.000Z,2612396
2016-04-04T00:00:00.000Z,2233880
2016-04-11T00:00:00.000Z,2302332
2016-04-18T00:00:00.000Z,2266793
2016-04-25T00:00:00.000Z,2359566
2016-05-02T00:00:00.000Z,2212734
2016-05-09T00:00:00.000Z,2234699
2016-05-16T00:00:00.000Z,2312747
2016-05-23T00:00:00.000Z,2349685
2016-05-30T00:00:00.000Z,2357953
2016-06-06T00:00:00.000Z,2418592
2016-06-13T00:00:00.000Z,2696572
2016-06-20T00:00:00.000Z,2614284
2016-06-27T00:00:00.000Z,2409654
2016-07-04T00:00:00.000Z,2297311
2016-07-11T00:00:00.000Z,2305149
2016-07-18T00:00:00.000Z,2287745
2016-07-25T00:00:00.000Z,2391722
2016-08-01T00:00:00.000Z,2442276
2016-08-08T00:00:00.000Z,2449598
2016-08-15T00:00:00.000Z,2543725
2016-08-22T00:00:00.000Z,2467290
2016-08-29T00:00:00.000Z,2507290
2016-09-05T00:00:00.000Z,2566062
2016-09-12T00:00:00.000Z,2552886
2016-09-19T00:00:00.000Z,2547624
2016-09-26T00:00:00.000Z,2722790
2016-10-03T00:00:00.000Z,3018431
2016-10-10T00:00:00.000Z,2782426
2016-10-17T00:00:00.000Z,2878134
2016-10-24T00:00:00.000Z,3086158
2016-10-31T00:00:00.000Z,2971820
2016-11-07T00:00:00.000Z,3097502
2016-11-14T00:00:00.000Z,3202605
2016-11-21T00:00:00.000Z,3367205
2016-11-28T00:00:00.000Z,3523578
2016-12-05T00:00:00.000Z,3480313
2016-12-12T00:00:00.000Z,3264167
2016-12-19T00:00:00.000Z,3319275
2016-12-26T00:00:00.000Z,3169722
2017-01-02T00:00:00.000Z,3506473
2017-01-09T00:00:00.000Z,3218924
2017-01-16T00:00:00.000Z,3368222
2017-01-23T00:00:00.000Z,3594695
2017-01-30T00:00:00.000Z,3646598
2017-02-06T00:00:00.000Z,3476273
2017-02-13T00:00:00.000Z,3442799
2017-02-20T00:00:00.000Z,3555554
2017-02-27T00:00:00.000Z,3581499
2017-03-06T00:00:00.000Z,3596403
2017-03-13T00:00:00.000Z,3656979
2017-03-20T00:00:00.000Z,3504109
2017-03-27T00:00:00.000Z,3447140
2017-04-03T00:00:00.000Z,3576612
2017-04-10T00:00:00.000Z,3496084
2017-04-17T00:00:00.000Z,3590972
2017-04-24T00:00:00.000Z,3823724
2017-05-01T00:00:00.000Z,4008892
2017-05-08T00:00:00.000Z,4203960
2017-05-15T00:00:00.000Z,4144585
2017-05-22T00:00:00.000Z,4441082
2017-05-29T00:00:00.000Z,4236622
2017-06-05T00:00:00.000Z,4144511
2017-06-12T00:00:00.000Z,3876028
2017-06-19T00:00:00.000Z,3735764
2017-06-26T00:00:00.000Z,3616934
2017-07-03T00:00:00.000Z,3513742
2017-07-10T00:00:00.000Z,3743014
2017-07-17T00:00:00.000Z,3682849
2017-07-24T00:00:00.000Z,3629667
2017-07-31T00:00:00.000Z,3390924
2017-08-07T00:00:00.000Z,3906273
2017-08-14T00:00:00.000Z,3955709
2017-08-21T00:00:00.000Z,3488274
2017-08-28T00:00:00.000Z,3949773
2017-09-04T00:00:00.000Z,3925260
2017-09-11T00:00:00.000Z,3839911
2017-09-18T00:00:00.000Z,3503755
2017-09-25T00:00:00.000Z,3734234
2017-10-02T00:00:00.000Z,3916647
2017-10-09T00:00:00.000Z,4308311
2017-10-16T00:00:00.000Z,4708870
2017-10-23T00:00:00.000Z,4335361
2017-10-30T00:00:00.000Z,4646865
2017-11-06T00:00:00.000Z,4306220
2017-11-13T00:00:00.000Z,4804826
2017-11-20T00:00:00.000Z,5093386
2017-11-27T00:00:00.000Z,5714251
2017-12-04T00:00:00.000Z,6236793
2017-12-11T00:00:00.000Z,6429860
2017-12-18T00:00:00.000Z,5755983
2017-12-25T00:00:00.000Z,5402038
2018-01-01T00:00:00.000Z,6160942
2018-01-08T00:00:00.000Z,5941027
2018-01-15T00:00:00.000Z,5662678
2018-01-22T00:00:00.000Z,4961586
2018-01-29T00:00:00.000Z,4344355
2018-02-05T00:00:00.000Z,4670210
2018-02-12T00:00:00.000Z,4626997
2018-02-19T00:00:00.000Z,3873673
2018-02-26T00:00:00.000Z,4344692
2018-03-05T00:00:00.000Z,5064820
2018-03-12T00:00:00.000Z,3495564
2018-03-19T00:00:00.000Z,3047832
2018-03-26T00:00:00.000Z,2923699
2018-04-02T00:00:00.000Z,2898821
2018-04-09T00:00:00.000Z,3104190
2018-04-16T00:00:00.000Z,3381601
2018-04-23T00:00:00.000Z,3484779
2018-04-30T00:00:00.000Z,3464588
2018-05-07T00:00:00.000Z,3352464
2018-05-14T00:00:00.000Z,3230859
2018-05-21T00:00:00.000Z,3031011
2018-05-28T00:00:00.000Z,3216506
2018-06-04T00:00:00.000Z,3275290
2018-06-11T00:00:00.000Z,3071714
2018-06-18T00:00:00.000Z,2983156
2018-06-25T00:00:00.000Z,3002488
2018-07-02T00:00:00.000Z,3112839
2018-07-09T00:00:00.000Z,4091571
2018-07-16T00:00:00.000Z,3319369
2018-07-23T00:00:00.000Z,3510362
2018-07-30T00:00:00.000Z,3401868
2018-08-06T00:00:00.000Z,3330712
2018-08-13T00:00:00.000Z,3258127
2018-08-20T00:00:00.000Z,3123156
2018-08-27T00:00:00.000Z,3358279
2018-09-03T00:00:00.000Z,3343496
2018-09-10T00:00:00.000Z,3163919
2018-09-17T00:00:00.000Z,3344900
2018-09-24T00:00:00.000Z,3299033
2018-10-01T00:00:00.000Z,3508257
2018-10-08T00:00:00.000Z,3355336
2018-10-15T00:00:00.000Z,3481813
2018-10-22T00:00:00.000Z,3446015
2018-10-29T00:00:00.000Z,3678409
2018-11-05T00:00:00.000Z,3581804
2018-11-12T00:00:00.000Z,3491328
2018-11-19T00:00:00.000Z,3400475
2018-11-26T00:00:00.000Z,3202585
2018-12-03T00:00:00.000Z,3256546
2018-12-10T00:00:00.000Z,3366941
2018-12-17T00:00:00.000Z,3405458
2018-12-24T00:00:00.000Z,3011486
2018-12-31T00:00:00.000Z,2907055
2019-01-07T00:00:00.000Z,3150614
2019-01-14T00:00:00.000Z,3169612
2019-01-21T00:00:00.000Z,3233121
2019-01-28T00:00:00.000Z,3278572
2019-02-04T00:00:00.000Z,3326199
2019-02-11T00:00:00.000Z,3590468
2019-02-18T00:00:00.000Z,3531917
2019-02-25T00:00:00.000Z,3569126
2019-03-04T00:00:00.000Z,3560144
2019-03-11T00:00:00.000Z,3649043
2019-03-18T00:00:00.000Z,3641588
2019-03-25T00:00:00.000Z,3807606
2019-04-01T00:00:00.000Z,4101595
2019-04-08T00:00:00.000Z,3896419
2019-04-15T00:00:00.000Z,3984012
2019-04-22T00:00:00.000Z,3751135
2019-04-29T00:00:00.000Z,4020532
2019-05-06T00:00:00.000Z,4219933
2019-05-13T00:00:00.000Z,4557055
2019-05-20T00:00:00.000Z,4287630
2019-05-27T00:00:00.000Z,4402685
2019-06-03T00:00:00.000Z,4072197
2019-06-10T00:00:00.000Z,4502264
2019-06-17T00:00:00.000Z,4609840
2019-06-24T00:00:00.000Z,4824753
2019-07-01T00:00:00.000Z,4197189
2019-07-08T00:00:00.000Z,4025196
2019-07-15T00:00:00.000Z,3794742
2019-07-22T00:00:00.000Z,3681045
2019-07-29T00:00:00.000Z,3847138
2019-08-05T00:00:00.000Z,4007106
2019-08-12T00:00:00.000Z,3688823
2019-08-19T00:00:00.000Z,3860687
2019-08-26T00:00:00.000Z,3698011
2019-09-02T00:00:00.000Z,3826322
2019-09-09T00:00:00.000Z,3932590
2019-09-16T00:00:00.000Z,3971846
2019-09-23T00:00:00.000Z,3866518
2019-09-30T00:00:00.000Z,3722132
2019-10-07T00:00:00.000Z,3680565
2019-10-14T00:00:00.000Z,3652893
2019-10-21T00:00:00.000Z,3893666
2019-10-28T00:00:00.000Z,3815320
2019-11-04T00:00:00.000Z,4014521
2019-11-11T00:00:00.000Z,3792616
2019-11-18T00:00:00.000Z,3925025
2019-11-25T00:00:00.000Z,3873766
2019-12-02T00:00:00.000Z,3892188
2019-12-09T00:00:00.000Z,4032458
2019-12-16T00:00:00.000Z,3973274
2019-12-23T00:00:00.000Z,3489625
2019-12-30T00:00:00.000Z,3548705
2020-01-06T00:00:00.000Z,3947727
2020-01-13T00:00:00.000Z,3940105
2020-01-20T00:00:00.000Z,3898900
2020-01-27T00:00:00.000Z,4140031
2020-02-03T00:00:00.000Z,4279917
2020-02-10T00:00:00.000Z,4161786
2020-02-17T00:00:00.000Z,4052035
2020-02-24T00:00:00.000Z,4038176
2020-03-02T00:00:00.000Z,4255092
2020-03-09T00:00:00.000Z,4193380
2020-03-16T00:00:00.000Z,3646137
2020-03-23T00:00:00.000Z,3802840
2020-03-30T00:00:00.000Z,4064875
2020-04-06T00:00:00.000Z,4057228
2020-04-13T00:00:00.000Z,4579531
2020-04-20T00:00:00.000Z,4452703
2020-04-27T00:00:00.000Z,4952987
2020-05-04T00:00:00.000Z,5066922
2020-05-11T00:00:00.000Z,4823769
2020-05-18T00:00:00.000Z,4739648
2020-05-25T00:00:00.000Z,4658807
2020-06-01T00:00:00.000Z,4636028
2020-06-08T00:00:00.000Z,4843415
2020-06-15T00:00:00.000Z,4583516
2020-06-22T00:00:00.000Z,4646136
2020-06-29T00:00:00.000Z,4937035
2020-07-06T00:00:00.000Z,5044305
2020-07-13T00:00:00.000Z,4847951
2020-07-20T00:00:00.000Z,5179617
2020-07-27T00:00:00.000Z,5318310
2020-08-03T00:00:00.000Z,5400895
2020-08-10T00:00:00.000Z,5309399
2020-08-17T00:00:00.000Z,5133072
2020-08-24T00:00:00.000Z,5040824
2020-08-31T00:00:00.000Z,5213841
2020-09-07T00:00:00.000Z,5134251
2020-09-14T00:00:00.000Z,5191420
2020-09-21T00:00:00.000Z,5063406
2020-09-28T00:00:00.000Z,5125157
2020-10-05T00:00:00.000Z,5067241
2020-10-12T00:00:00.000Z,5031424
2020-10-19T00:00:00.000Z,5255033
2020-10-26T00:00:00.000Z,4624245
2020-11-02T00:00:00.000Z,5495551
2020-11-09T00:00:00.000Z,5491266
2020-11-16T00:00:00.000Z,5775740
2020-11-23T00:00:00.000Z,5590729
2020-11-30T00:00:00.000Z,5582656
2020-12-07T00:00:00.000Z,5430179
2020-12-14T00:00:00.000Z,5799534
2020-12-21T00:00:00.000Z,5671990
2020-12-28T00:00:00.000Z,6289098
2021-01-04T00:00:00.000Z,6756342
2021-01-11T00:00:00.000Z,6267352
2021-01-18T00:00:00.000Z,5825587
2021-01-25T00:00:00.000Z,6062846
2021-02-01T00:00:00.000Z,6231467
2021-02-08T00:00:00.000Z,6182828
2021-02-15T00:00:00.000Z,6112298
2021-02-22T00:00:00.000Z,6134226
2021-03-01T00:00:00.000Z,5911790
2021-03-08T00:00:00.000Z,6117441
2021-03-15T00:00:00.000Z,6111218
2021-03-22T00:00:00.000Z,6150312
2021-03-29T00:00:00.000Z,5947554
2021-04-05T00:00:00.000Z,6281755
2021-04-12T00:00:00.000Z,5881544
2021-04-19T00:00:00.000Z,5599370
2021-04-26T00:00:00.000Z,5778871
2021-05-03T00:00:00.000Z,6622607
2021-05-10T00:00:00.000Z,6062366
2021-05-17T00:00:00.000Z,4960283
2021-05-24T00:00:00.000Z,4981835
2021-05-31T00:00:00.000Z,4893673
2021-06-07T00:00:00.000Z,4778151
2021-06-14T00:00:00.000Z,4537300
2021-06-21T00:00:00.000Z,4036857
2021-06-28T00:00:00.000Z,4270524
2021-07-05T00:00:00.000Z,4299778
2021-07-12T00:00:00.000Z,4047973
2021-07-19T00:00:00.000Z,4133840
2021-07-26T00:00:00.000Z,4493389
2021-08-02T00:00:00.000Z,4414273
2021-08-09T00:00:00.000Z,4499438
2021-08-16T00:00:00.000Z,4687692
2021-08-23T00:00:00.000Z,4520635
2021-08-30T00:00:00.000Z,4791641
2021-09-06T00:00:00.000Z,4706435
2021-09-13T00:00:00.000Z,4851330
2021-09-20T00:00:00.000Z,4574447
2021-09-27T00:00:00.000Z,4869818
2021-10-04T00:00:00.000Z,5147521
2021-10-11T00:00:00.000Z,5042976
2021-10-18T00:00:00.000Z,5066413
2021-10-25T00:00:00.000Z,5174781
2021-11-01T00:00:00.000Z,5173960
2021-11-08T00:00:00.000Z,5155091
2021-11-15T00:00:00.000Z,5075378
2021-11-22T00:00:00.000Z,4879135
2021-11-29T00:00:00.000Z,5391323
2021-12-06T00:00:00.000Z,4919795
2021-12-13T00:00:00.000Z,4813316
2021-12-20T00:00:00.000Z,4900685
2021-12-27T00:00:00.000Z,4956918
2022-01-03T00:00:00.000Z,4756791
2022-01-10T00:00:00.000Z,4749665
2022-01-17T00:00:00.000Z,4800746
2022-01-24T00:00:00.000Z,4584556
2022-01-31T00:00:00.000Z,4863472
2022-02-07T00:00:00.000Z,4982559
2022-02-14T00:00:00.000Z,4632321
2022-02-21T00:00:00.000Z,4507878
2022-02-28T00:00:00.000Z,4899967
2022-03-07T00:00:00.000Z,4635456
2022-03-14T00:00:00.000Z,4817755
2022-03-21T00:00:00.000Z,4779945
2022-03-28T00:00:00.000Z,4920612
2022-04-04T00:00:00.000Z,4583400
2022-04-11T00:00:00.000Z,4638761
2022-04-18T00:00:00.000Z,4720713
2022-04-25T00:00:00.000Z,4975507
2022-05-02T00:00:00.000Z,4906561
2022-05-09T00:00:00.000Z,5178903
2022-05-16T00:00:00.000Z,4708333
2022-05-23T00:00:00.000Z,4484140
2022-05-30T00:00:00.000Z,4552571
2022-06-06T00:00:00.000Z,4550505
2022-06-13T00:00:00.000Z,4810314
2022-06-20T00:00:00.000Z,4265112
2022-06-27T00:00:00.000Z,4572946
2022-07-04T00:00:00.000Z,4389501
2022-07-11T00:00:00.000Z,4266960
2022-07-18T00:00:00.000Z,4392514
2022-07-25T00:00:00.000Z,4565989
2022-08-01T00:00:00.000Z,4505870
2022-08-08T00:00:00.000Z,4687324
2022-08-15T00:00:00.000Z,4662329
2022-08-22T00:00:00.000Z,4483301
